Season,Date,Home,Away,TEAM,#,Athlete,MP,SP,Ace,S Err,S Att,S Rtg,S %,SR Perf,SR Good,SR Poor,SR Err,SR Att,SR Rtg,Kill,A Err,Att,H %,B Solo,B Assist,B Total,Assist,A Att,Digs,Sent,Received,Violations,BHE
2023-2024,2023-11-03,Crandall,UNBSJ,CU,8,Shane Huggard,1,3,1,3,10,1.4,0.7,7,8,4,2,21,1.95,7,1,11,0.545,1,0,1,0,2,4,2,-,-,0
2023-2024,2023-11-03,Crandall,UNBSJ,CU,7,Jack Hillier,1,3,2,1,8,2.25,0.875,4,2,2,1,9,2,5,4,15,0.067,0,0,0,0,0,0,2,-,-,0
2023-2024,2023-11-03,Crandall,UNBSJ,CU,4,Bryce Stockford,1,1,1,1,4,1.75,0.75,0,0,0,1,1,0,1,1,2,0,0,0,0,0,0,0,0,-,-,0
2023-2024,2023-11-03,Crandall,UNBSJ,CU,9,Sam Reeder,1,2,1,0,3,2.67,1,0,0,0,0,0,-,0,0,0,-,0,0,0,5,15,1,0,-,-,2
2023-2024,2023-11-03,Crandall,UNBSJ,CU,14,Sam Tingley,1,3,0,1,6,1.67,0.833,0,0,0,0,0,-,0,1,3,-0.333,0,0,0,13,39,1,1,-,-,0
2023-2024,2023-11-03,Crandall,UNBSJ,CU,13,Colby Rhese,1,3,0,2,4,1,0.5,0,0,0,0,0,-,3,5,13,-0.154,0,0,0,0,0,0,1,-,-,0
2023-2024,2023-11-03,Crandall,UNBSJ,CU,17,Miguel Gionet,1,1,0,1,1,0,0,0,0,0,0,0,-,0,1,2,-0.5,0,0,0,0,0,0,0,-,-,0
2023-2024,2023-11-03,Crandall,UNBSJ,CU,5,Austin Trites,1,1,0,0,0,-,-,2,2,2,1,7,1.71,0,0,0,-,0,0,0,0,2,1,0,-,-,0
2023-2024,2023-11-03,Crandall,UNBSJ,CU,6,Nate Haverko,1,1,0,0,0,-,-,0,3,0,1,4,1.5,0,0,0,-,0,0,0,0,0,1,1,-,-,0
2023-2024,2023-11-03,Crandall,UNBSJ,CU,11,Mason Stefaniuk,1,3,0,0,0,-,-,2,6,7,1,16,1.56,1,0,1,1,0,0,0,0,1,0,4,-,-,1
2023-2024,2023-11-03,Crandall,UNBSJ,CU,12,Noah MacDonald,1,2,0,1,3,1.33,0.667,0,0,0,0,0,-,2,1,5,0.2,0,0,0,0,0,0,0,-,-,0
2023-2024,2023-11-03,Crandall,UNBSJ,CU,10,Liam Rafferty,1,3,1,2,7,2,0.714,1,0,0,0,1,3,1,1,5,0,0,0,0,1,1,1,0,-,-,0
2023-2024,2023-11-03,Crandall,UNBSJ,CU,15,James Jeffrey,1,2,0,0,4,3,1,0,0,0,0,0,-,0,2,4,-0.5,0,0,0,0,0,3,0,-,-,0
2023-2024,2023-11-03,Crandall,UNBSJ,UNBSJ,1,"Unknown , UNB",1,3,1,1,19,2.05,0.947,0,0,1,0,1,1,2,1,3,0.333,0,0,0,26,39,6,0,-,-,2
2023-2024,2023-11-03,Crandall,UNBSJ,UNBSJ,2,"Unknown , UNB",1,3,0,3,5,0.8,0.4,0,0,0,0,0,-,1,0,5,0.2,0,0,0,1,1,0,0,-,-,0
2023-2024,2023-11-03,Crandall,UNBSJ,UNBSJ,3,"Unknown , UNB",1,3,0,1,3,1.33,0.667,0,0,0,0,0,-,0,0,0,-,0,0,0,0,0,0,0,-,-,0
2023-2024,2023-11-03,Crandall,UNBSJ,UNBSJ,6,"Unknown , UNB",1,3,3,2,20,2.2,0.9,0,7,2,5,14,1.14,9,1,12,0.667,0,0,0,2,3,2,0,-,-,1
2023-2024,2023-11-03,Crandall,UNBSJ,UNBSJ,7,"Unknown , UNB",1,3,2,1,8,2,0.875,0,5,1,0,6,1.83,4,0,9,0.444,0,2,2,0,1,1,1,-,-,0
2023-2024,2023-11-03,Crandall,UNBSJ,UNBSJ,8,"Unknown , UNB",1,1,0,0,0,-,-,0,0,0,0,0,-,0,0,0,-,0,0,0,1,2,0,1,-,-,0
2023-2024,2023-11-03,Crandall,UNBSJ,UNBSJ,11,"Unknown , UNB",1,3,1,1,3,2,0.667,0,0,0,0,0,-,2,1,3,0.333,0,3,3,0,0,0,1,-,-,0
2023-2024,2023-11-03,Crandall,UNBSJ,UNBSJ,12,"Unknown , UNB",1,3,4,3,14,2.14,0.786,0,2,0,0,2,2,14,4,22,0.455,0,1,1,0,2,4,1,-,-,0
2023-2024,2023-11-03,Crandall,UNBSJ,UNBSJ,13,"Unknown , UNB",1,3,0,0,0,-,-,5,5,4,0,14,2.07,0,1,2,-0.5,0,0,0,2,4,3,1,-,-,0
2023-2024,2023-11-03,Crandall,UNBSJ,UNBSJ,16,"Unknown , UNB",1,1,0,0,3,1.33,1,0,0,0,0,0,-,0,0,0,-,0,0,0,0,0,0,0,-,-,0
2023-2024,2023-11-04,Crandall,STU,CU,8,Shane Huggard,1,3,1,1,11,2.09,0.909,5,5,4,1,15,1.93,10,5,24,0.208,0,1,1,0,0,2,2,-,-,0
2023-2024,2023-11-04,Crandall,STU,CU,7,Jack Hillier,1,3,1,4,7,1.29,0.429,4,0,6,1,11,1.64,3,2,8,0.125,0,0,0,0,1,3,6,-,-,0
2023-2024,2023-11-04,Crandall,STU,CU,4,Bryce Stockford,1,1,0,0,0,-,-,0,0,0,0,0,-,0,0,0,-,0,0,0,0,0,0,1,-,-,0
2023-2024,2023-11-04,Crandall,STU,CU,9,Sam Reeder,1,1,0,0,1,1,1,0,0,0,0,0,-,0,0,0,-,0,0,0,0,0,0,0,-,-,0
2023-2024,2023-11-04,Crandall,STU,CU,14,Sam Tingley,1,3,0,1,11,1.73,0.909,0,0,1,0,1,1,0,0,0,-,0,0,0,17,40,1,1,-,-,1
2023-2024,2023-11-04,Crandall,STU,CU,13,Colby Rhese,1,3,0,2,6,1.17,0.667,0,0,0,0,0,-,4,5,9,-0.111,0,0,0,0,1,1,1,-,-,1
2023-2024,2023-11-04,Crandall,STU,CU,5,Austin Trites,1,3,0,0,0,-,-,4,6,9,1,20,1.65,0,0,0,-,0,0,0,0,2,7,5,-,-,0
2023-2024,2023-11-04,Crandall,STU,CU,11,Mason Stefaniuk,1,2,0,1,2,1.5,0.5,0,0,0,0,0,-,0,0,0,-,0,0,0,1,3,1,1,-,-,0
2023-2024,2023-11-04,Crandall,STU,CU,12,Noah MacDonald,1,3,1,0,8,2.13,1,0,0,0,0,0,-,1,2,5,-0.2,0,1,1,0,0,1,1,-,-,0
2023-2024,2023-11-04,Crandall,STU,CU,10,Liam Rafferty,1,3,1,4,11,1.82,0.636,0,0,0,0,0,-,1,2,3,-0.333,0,0,0,0,0,2,0,-,-,0
2023-2024,2023-11-04,Crandall,STU,STU,11,"Unknown , STU",1,2,0,1,7,2.14,0.857,0,0,0,0,0,-,1,1,3,0,0,0,0,0,0,1,0,-,-,0
2023-2024,2023-11-04,Crandall,STU,STU,12,"Unknown , STU",1,3,2,6,12,1.5,0.5,4,9,6,0,19,1.89,9,3,17,0.353,1,0,1,0,1,5,2,-,-,0
2023-2024,2023-11-04,Crandall,STU,STU,14,"Unknown , STU",1,2,0,1,5,1.8,0.8,1,1,4,0,6,1.5,0,1,2,-0.5,0,0,0,0,1,0,0,-,-,0
2023-2024,2023-11-04,Crandall,STU,STU,15,"Unknown , STU",1,3,0,5,9,1,0.444,1,0,2,3,6,0.83,3,0,8,0.375,0,0,0,0,1,2,1,-,-,0
2023-2024,2023-11-04,Crandall,STU,STU,2,"Unknown , STU",1,3,0,2,10,1.2,0.8,0,0,0,0,0,-,5,0,9,0.556,0,0,0,0,1,0,0,-,-,0
2023-2024,2023-11-04,Crandall,STU,STU,3,"Unknown , STU",1,3,0,0,0,-,-,4,7,1,0,12,2.25,0,0,0,-,0,0,0,1,2,2,0,-,-,1
2023-2024,2023-11-04,Crandall,STU,STU,5,"Unknown , STU",1,3,0,2,5,1.2,0.6,0,0,0,0,0,-,5,0,8,0.625,1,4,5,0,1,0,1,-,-,0
2023-2024,2023-11-04,Crandall,STU,STU,6,"Unknown , STU",1,3,1,3,15,2,0.8,0,0,0,0,0,-,3,0,7,0.429,1,2,3,34,57,2,0,-,-,0
2023-2024,2023-11-04,Crandall,STU,STU,9,"Unknown , STU",1,3,2,5,11,1.45,0.545,0,0,0,0,0,-,13,2,16,0.688,0,2,2,0,1,0,0,-,-,0
2023-2024,2023-11-11,Crandall,USTA,CU,8,Shane Huggard,1,3,2,1,11,2.09,0.909,5,7,1,2,15,2,5,5,21,0,0,0,0,0,0,1,1,-,-,0
2023-2024,2023-11-11,Crandall,USTA,CU,7,Jack Hillier,1,3,0,1,7,0.86,0.857,7,6,6,2,21,1.86,7,1,13,0.462,1,0,1,0,0,2,3,-,-,0
2023-2024,2023-11-11,Crandall,USTA,CU,9,Sam Reeder,1,1,0,1,2,1.5,0.5,0,0,0,0,0,-,0,0,0,-,0,0,0,0,0,0,0,-,-,0
2023-2024,2023-11-11,Crandall,USTA,CU,14,Sam Tingley,1,3,0,0,7,1.43,1,0,0,0,0,0,-,0,0,0,-,0,0,0,17,48,3,0,-,-,1
2023-2024,2023-11-11,Crandall,USTA,CU,13,Colby Rhese,1,3,0,3,5,0.4,0.4,0,0,0,0,0,-,7,6,17,0.059,0,1,1,0,0,2,1,-,-,1
2023-2024,2023-11-11,Crandall,USTA,CU,5,Austin Trites,1,3,0,0,0,-,-,7,5,5,5,22,1.64,1,0,1,1,0,0,0,0,1,7,4,-,-,0
2023-2024,2023-11-11,Crandall,USTA,CU,6,Nate Haverko,1,1,0,0,0,-,-,0,0,1,0,1,1,0,0,0,-,0,0,0,0,0,0,0,-,-,0
2023-2024,2023-11-11,Crandall,USTA,CU,11,Mason Stefaniuk,1,3,0,0,2,1,1,0,0,0,0,0,-,0,0,0,-,0,0,0,5,10,0,0,-,-,2
2023-2024,2023-11-11,Crandall,USTA,CU,12,Noah MacDonald,1,3,1,3,7,1,0.571,0,0,0,0,0,-,3,0,3,1,1,1,2,0,0,0,0,-,-,0
2023-2024,2023-11-11,Crandall,USTA,CU,10,Liam Rafferty,1,3,1,2,16,1.81,0.875,0,0,0,0,0,-,3,1,8,0.25,0,0,0,0,0,1,1,-,-,0
2023-2024,2023-11-11,Crandall,USTA,CU,15,James Jeffrey,1,2,0,0,1,1,1,0,0,0,0,0,-,0,1,1,-1,0,0,0,0,0,0,0,-,-,0
2023-2024,2023-11-11,Crandall,USTA,USTA,5,"Unknown , UST",1,3,2,1,16,2.06,0.938,0,0,0,0,0,-,11,1,15,0.667,0,1,1,0,1,2,2,-,-,1
2023-2024,2023-11-11,Crandall,USTA,USTA,4,"Unknown , UST",1,1,1,1,4,1.75,0.75,0,0,0,0,0,-,0,0,1,0,0,0,0,10,20,1,1,-,-,1
2023-2024,2023-11-11,Crandall,USTA,USTA,2,"Unknown , UST",1,3,2,3,11,1.73,0.727,0,0,0,0,0,-,5,5,14,0,0,1,1,0,0,3,1,-,-,0
2023-2024,2023-11-11,Crandall,USTA,USTA,14,"Unknown , UST",1,2,0,0,2,2.5,1,0,0,0,0,0,-,0,0,1,0,0,0,0,0,0,0,0,-,-,0
2023-2024,2023-11-11,Crandall,USTA,USTA,13,"Unknown , UST",1,3,2,0,8,2.63,1,0,0,0,0,0,-,3,0,4,0.75,0,1,1,0,0,0,0,-,-,0
2023-2024,2023-11-11,Crandall,USTA,USTA,10,"Unknown , UST",1,3,3,1,17,2.18,0.941,11,4,3,2,20,2.2,7,1,13,0.462,0,0,0,0,1,5,2,-,-,0
2023-2024,2023-11-11,Crandall,USTA,USTA,9,"Unknown , UST",1,3,0,4,7,0.71,0.429,4,5,0,0,9,2.44,8,4,17,0.235,0,0,0,2,4,6,2,-,-,0
2023-2024,2023-11-11,Crandall,USTA,USTA,7,"Unknown , UST",1,3,0,0,0,-,-,9,5,2,1,17,2.29,0,0,0,-,0,0,0,0,0,2,1,-,-,0
2023-2024,2023-11-11,Crandall,USTA,USTA,6,"Unknown , UST",1,2,0,3,8,0.88,0.625,0,0,0,0,0,-,1,0,3,0.333,0,1,1,22,41,2,0,-,-,0
2023-2024,2023-11-12,STU,Crandall,CU,,,,,,,,,,,,,,,,,,,,,,,,,,,,,
2023-2024,2023-11-12,STU,Crandall,STU,,,,,,,,,,,,,,,,,,,,,,,,,,,,,
2023-2024,2023-11-24,Holland,Crandall,CU,8,Shane Huggard,1,4,1,0,15,2.07,1,14,13,2,1,30,2.33,8,4,28,0.143,0,1,1,0,6,9,3,-,-,0
2023-2024,2023-11-24,Holland,Crandall,CU,7,Jack Hillier,1,4,0,0,5,1.4,1,6,3,5,2,16,1.81,0,4,15,-0.267,0,1,1,0,1,3,3,-,-,1
2023-2024,2023-11-24,Holland,Crandall,CU,14,Sam Tingley,1,4,0,0,10,1.5,1,0,0,1,0,1,1,1,0,4,0.25,0,0,0,25,80,6,1,-,-,3
2023-2024,2023-11-24,Holland,Crandall,CU,13,Colby Rhese,1,4,1,3,7,1,0.571,0,0,0,0,0,-,8,9,26,-0.038,0,1,1,0,0,3,4,-,-,0
2023-2024,2023-11-24,Holland,Crandall,CU,17,Miguel Gionet,1,2,0,0,3,1.67,1,0,0,0,0,0,-,1,1,3,0,0,0,0,0,1,0,0,-,-,0
2023-2024,2023-11-24,Holland,Crandall,CU,5,Austin Trites,1,4,0,0,0,-,-,12,7,3,2,24,2.21,0,0,0,-,0,0,0,1,3,6,5,-,-,0
2023-2024,2023-11-24,Holland,Crandall,CU,6,Nate Haverko,1,1,0,0,0,-,-,0,0,0,0,0,-,0,0,0,-,0,0,0,0,1,1,0,-,-,0
2023-2024,2023-11-24,Holland,Crandall,CU,11,Mason Stefaniuk,1,4,0,0,4,1.25,1,0,0,0,0,0,-,0,0,1,0,0,1,1,3,10,5,0,-,-,1
2023-2024,2023-11-24,Holland,Crandall,CU,12,Noah MacDonald,1,4,2,1,10,2.3,0.9,0,0,0,0,0,-,3,2,12,0.083,0,2,2,0,2,4,1,-,-,0
2023-2024,2023-11-24,Holland,Crandall,CU,10,Liam Rafferty,1,4,4,4,18,1.83,0.778,0,2,1,0,3,1.67,9,2,15,0.467,0,2,2,0,0,2,1,-,-,0
2023-2024,2023-11-24,Holland,Crandall,CU,15,James Jeffrey,1,4,0,1,7,1.86,0.857,1,1,2,0,4,1.75,2,5,11,-0.273,0,0,0,1,2,1,0,-,-,0
2023-2024,2023-11-24,Holland,Crandall,Holland,14,"Unknown , HC",1,3,1,3,19,1.11,0.842,0,0,0,0,0,-,2,0,6,0.333,0,0,0,29,76,6,2,-,-,0
2023-2024,2023-11-24,Holland,Crandall,Holland,1,"Unknown , HC",1,4,0,2,12,1.58,0.833,0,0,0,0,0,-,14,5,30,0.3,0,1,1,0,1,11,1,-,-,0
2023-2024,2023-11-24,Holland,Crandall,Holland,3,"Unknown , HC",1,4,0,0,0,-,-,5,4,2,1,12,2.08,0,0,0,-,0,0,0,4,9,8,2,-,-,0
2023-2024,2023-11-24,Holland,Crandall,Holland,4,"Unknown , HC",1,1,0,0,0,-,-,0,1,1,2,4,0.75,0,0,0,-,0,0,0,0,0,1,1,-,-,0
2023-2024,2023-11-24,Holland,Crandall,Holland,5,"Unknown , HC",1,4,2,1,14,2.07,0.929,7,4,0,2,13,2.23,11,1,17,0.588,1,1,2,1,2,4,2,-,-,1
2023-2024,2023-11-24,Holland,Crandall,Holland,6,"Unknown , HC",1,4,0,3,13,1.31,0.769,13,8,6,2,29,2.1,8,4,26,0.154,0,1,1,1,4,10,5,-,-,0
2023-2024,2023-11-24,Holland,Crandall,Holland,7,"Unknown , HC",1,1,0,0,1,2,1,0,0,0,0,0,-,1,1,3,0,0,0,0,1,0,0,0,-,-,0
2023-2024,2023-11-24,Holland,Crandall,Holland,8,"Unknown , HC",1,1,0,2,3,0.33,0.333,2,4,1,0,7,2.14,1,3,7,-0.286,0,1,1,0,0,1,0,-,-,1
2023-2024,2023-11-24,Holland,Crandall,Holland,9,"Unknown , HC",1,4,1,3,10,1.9,0.7,0,0,0,0,0,-,6,2,14,0.286,0,1,1,0,0,1,1,-,-,0
2023-2024,2023-11-24,Holland,Crandall,Holland,10,"Unknown , HC",1,3,1,1,7,2.14,0.857,1,2,0,1,4,1.75,2,2,5,0,0,1,1,0,0,1,0,-,-,0
2023-2024,2023-11-24,Holland,Crandall,Holland,11,"Unknown , HC",1,4,1,1,13,1.62,0.923,0,0,0,0,0,-,3,1,17,0.118,0,4,4,0,1,2,0,-,-,0
2023-2024,2023-11-24,Holland,Crandall,Holland,13,"Unknown , HC",1,1,2,0,5,3.2,1,0,0,1,0,1,1,0,0,0,-,0,0,0,9,23,0,1,-,-,0
2023-2024,2023-11-26,Crandall,UNBSJ,CU,,,,,,,,,,,,,,,,,,,,,,,,,,,,,
2023-2024,2023-11-26,Crandall,UNBSJ,UNBSJ,,,,,,,,,,,,,,,,,,,,,,,,,,,,,
2023-2024,2023-12-02,Holland,Crandall,CU,8,Shane Huggard,1,3,0,3,9,1.11,0.667,9,2,5,4,20,1.8,3,2,16,0.063,0,0,0,0,1,4,1,-,-,0
2023-2024,2023-12-02,Holland,Crandall,CU,7,Jack Hillier,1,3,0,0,2,2,1,5,2,4,2,13,1.77,4,2,8,0.25,0,0,0,0,0,0,1,-,-,0
2023-2024,2023-12-02,Holland,Crandall,CU,4,Bryce Stockford,1,2,0,0,4,2,1,0,0,0,0,0,-,0,0,0,-,0,0,0,0,0,0,1,-,-,0
2023-2024,2023-12-02,Holland,Crandall,CU,9,Sam Reeder,1,1,0,1,1,0,0,0,0,0,0,0,-,0,0,1,0,0,1,1,6,17,0,0,-,-,0
2023-2024,2023-12-02,Holland,Crandall,CU,14,Sam Tingley,1,2,2,1,6,2.5,0.833,0,0,0,0,0,-,0,0,0,-,0,0,0,7,44,2,0,-,-,1
2023-2024,2023-12-02,Holland,Crandall,CU,13,Colby Rhese,1,3,0,1,7,0.86,0.857,0,0,0,0,0,-,4,5,21,-0.048,1,1,2,1,2,4,0,-,-,0
2023-2024,2023-12-02,Holland,Crandall,CU,17,Miguel Gionet,1,1,0,0,2,1,1,0,0,0,0,0,-,1,0,1,1,0,0,0,0,0,0,0,-,-,0
2023-2024,2023-12-02,Holland,Crandall,CU,5,Austin Trites,1,3,0,0,0,-,-,7,4,2,2,15,2.07,0,0,0,-,0,0,0,1,3,5,1,-,-,0
2023-2024,2023-12-02,Holland,Crandall,CU,6,Nate Haverko,1,1,0,0,0,-,-,0,0,0,1,1,0,0,0,0,-,0,0,0,0,0,0,0,-,-,0
2023-2024,2023-12-02,Holland,Crandall,CU,11,Mason Stefaniuk,1,2,0,0,0,-,-,0,0,0,0,0,-,1,0,1,1,0,0,0,2,3,0,0,-,-,1
2023-2024,2023-12-02,Holland,Crandall,CU,12,Noah MacDonald,1,3,1,4,5,0.8,0.2,0,0,0,0,0,-,2,4,9,-0.222,2,0,2,0,0,0,1,-,-,0
2023-2024,2023-12-02,Holland,Crandall,CU,10,Liam Rafferty,1,3,0,2,5,1.4,0.6,0,1,0,0,1,2,0,3,4,-0.75,0,2,2,0,0,0,1,-,-,0
2023-2024,2023-12-02,Holland,Crandall,CU,15,James Jeffrey,1,2,0,2,2,0,0,8,4,2,1,15,2.27,2,2,12,0,1,0,1,0,1,2,0,-,-,0
2023-2024,2023-12-02,Holland,Crandall,Holland,14,"Unknown , HC",1,3,3,1,8,2.5,0.875,0,0,0,0,0,-,6,2,13,0.308,0,0,0,0,0,2,2,-,-,1
2023-2024,2023-12-02,Holland,Crandall,Holland,1,"Unknown , HC",1,3,0,1,9,1.33,0.889,0,0,0,0,0,-,0,1,5,-0.2,0,0,0,21,36,11,1,-,-,0
2023-2024,2023-12-02,Holland,Crandall,Holland,3,"Unknown , HC",1,3,0,0,0,-,-,3,3,1,1,8,2,0,0,0,-,0,0,0,3,11,9,1,-,-,0
2023-2024,2023-12-02,Holland,Crandall,Holland,5,"Unknown , HC",1,3,0,0,8,1.38,1,2,4,1,0,7,2.14,3,3,8,0,0,0,0,1,4,2,0,-,-,0
2023-2024,2023-12-02,Holland,Crandall,Holland,6,"Unknown , HC",1,3,2,1,17,1.59,0.941,4,1,2,1,8,2,6,0,13,0.462,0,0,0,1,4,1,1,-,-,0
2023-2024,2023-12-02,Holland,Crandall,Holland,7,"Unknown , HC",1,1,0,0,0,-,-,0,0,0,0,0,-,1,0,1,1,0,0,0,0,0,0,0,-,-,0
2023-2024,2023-12-02,Holland,Crandall,Holland,8,"Unknown , HC",1,2,0,0,0,-,-,1,0,0,0,1,3,0,0,0,-,0,2,2,0,0,0,0,-,-,0
2023-2024,2023-12-02,Holland,Crandall,Holland,9,"Unknown , HC",1,3,0,1,4,1.75,0.75,0,0,0,0,0,-,6,0,7,0.857,0,2,2,0,0,1,0,-,-,0
2023-2024,2023-12-02,Holland,Crandall,Holland,10,"Unknown , HC",1,1,0,1,3,1.33,0.667,2,0,1,0,3,2.33,0,0,0,-,0,0,0,0,0,4,0,-,-,0
2023-2024,2023-12-02,Holland,Crandall,Holland,11,"Unknown , HC",1,3,2,3,16,1.81,0.813,0,0,0,0,0,-,4,3,9,0.111,0,0,0,0,0,2,1,-,-,0
2023-2024,2023-12-02,Holland,Crandall,Holland,12,"Unknown , HC",1,1,1,0,1,4,1,0,0,0,0,0,-,2,0,2,1,0,0,0,0,0,0,1,-,-,0
2023-2024,2023-12-02,Holland,Crandall,Holland,13,"Unknown , HC",1,3,2,0,7,2.86,1,0,0,0,0,0,-,0,0,0,-,0,0,0,1,1,0,0,-,-,2
2023-2024,2024-01-14,UNBSJ,Crandall,CU,16,Payton Sanipass,1,3,0,0,2,1.5,1,0,0,0,0,0,-,0,1,1,-1,0,0,0,0,0,0,0,-,-,0
2023-2024,2024-01-14,UNBSJ,Crandall,CU,8,Shane Huggard,1,4,1,3,20,1.85,0.85,0,8,0,2,10,1.6,9,6,22,0.136,0,1,1,2,9,7,3,-,-,0
2023-2024,2024-01-14,UNBSJ,Crandall,CU,7,Jack Hillier,1,3,0,0,3,2,1,0,5,3,1,9,1.44,2,3,12,-0.083,0,0,0,0,1,2,1,-,-,0
2023-2024,2024-01-14,UNBSJ,Crandall,CU,9,Sam Reeder,1,1,0,1,1,0,0,0,0,0,0,0,-,0,0,0,-,0,0,0,1,6,1,1,-,-,2
2023-2024,2024-01-14,UNBSJ,Crandall,CU,14,Sam Tingley,1,4,1,4,12,1.5,0.667,0,0,0,0,0,-,1,0,3,0.333,0,0,0,23,64,4,0,-,-,1
2023-2024,2024-01-14,UNBSJ,Crandall,CU,13,Colby Rhese,1,4,2,3,11,1.82,0.727,0,0,0,1,1,0,7,6,23,0.043,1,0,1,0,0,2,1,-,-,0
2023-2024,2024-01-14,UNBSJ,Crandall,CU,17,Miguel Gionet,1,1,0,0,1,2,1,0,0,0,0,0,-,0,0,0,-,0,0,0,0,0,0,0,-,-,0
2023-2024,2024-01-14,UNBSJ,Crandall,CU,5,Austin Trites,1,4,0,0,0,-,-,13,17,8,1,39,2.08,0,0,1,0,0,0,0,2,5,9,6,-,-,0
2023-2024,2024-01-14,UNBSJ,Crandall,CU,6,Nate Haverko,1,1,0,0,0,-,-,0,0,1,2,3,0.33,0,0,0,-,0,0,0,0,0,0,0,-,-,0
2023-2024,2024-01-14,UNBSJ,Crandall,CU,11,Mason Stefaniuk,1,1,0,0,1,2,1,0,0,0,0,0,-,0,0,0,-,0,0,0,0,0,0,0,-,-,0
2023-2024,2024-01-14,UNBSJ,Crandall,CU,12,Noah MacDonald,1,4,1,5,11,1.45,0.545,0,0,0,0,0,-,6,1,10,0.5,1,1,2,0,1,0,0,-,-,1
2023-2024,2024-01-14,UNBSJ,Crandall,CU,10,Liam Rafferty,1,3,1,4,7,0.86,0.429,0,0,0,0,0,-,3,1,11,0.182,0,0,0,0,2,1,0,-,-,0
2023-2024,2024-01-14,UNBSJ,Crandall,CU,15,James Jeffrey,1,4,1,2,7,1.71,0.714,1,6,4,2,13,1.46,3,1,10,0.2,0,0,0,1,4,3,2,-,-,0
2023-2024,2024-01-14,UNBSJ,Crandall,UNBSJ,1,"Unknown , UNB",1,4,4,2,23,2.22,0.913,0,0,0,0,0,-,1,0,2,0.5,0,1,1,33,69,4,1,-,-,0
2023-2024,2024-01-14,UNBSJ,Crandall,UNBSJ,2,"Unknown , UNB",1,3,0,1,3,1.67,0.667,0,0,0,0,0,-,0,0,0,-,0,0,0,0,0,0,0,-,-,0
2023-2024,2024-01-14,UNBSJ,Crandall,UNBSJ,3,"Unknown , UNB",1,3,1,1,9,1.67,0.889,0,0,0,0,0,-,1,1,3,0,0,0,0,1,4,3,0,-,-,0
2023-2024,2024-01-14,UNBSJ,Crandall,UNBSJ,4,"Unknown , UNB",1,4,0,0,0,-,-,3,10,4,3,20,1.65,0,0,0,-,0,0,0,2,3,9,4,-,-,1
2023-2024,2024-01-14,UNBSJ,Crandall,UNBSJ,6,"Unknown , UNB",1,4,0,2,17,1.88,0.882,3,8,3,3,17,1.65,14,3,22,0.5,0,1,1,1,1,4,1,-,-,0
2023-2024,2024-01-14,UNBSJ,Crandall,UNBSJ,7,"Unknown , UNB",1,4,1,5,13,1.38,0.615,3,8,3,1,15,1.87,7,0,19,0.368,0,1,1,0,3,7,3,-,-,0
2023-2024,2024-01-14,UNBSJ,Crandall,UNBSJ,10,"Unknown , UNB",1,1,0,2,3,1,0.333,0,0,0,0,0,-,2,1,6,0.167,0,0,0,1,1,0,0,-,-,0
2023-2024,2024-01-14,UNBSJ,Crandall,UNBSJ,11,"Unknown , UNB",1,4,2,3,9,1.89,0.667,0,0,0,0,0,-,5,3,11,0.182,1,2,3,0,0,4,1,-,-,0
2023-2024,2024-01-14,UNBSJ,Crandall,UNBSJ,12,"Unknown , UNB",1,3,0,2,10,1.3,0.8,0,2,0,0,2,2,9,6,20,0.15,0,2,2,0,0,4,1,-,-,0
2023-2024,2024-01-14,UNBSJ,Crandall,UNBSJ,15,"Unknown , UNB",1,1,0,0,1,2,1,0,0,0,0,0,-,0,0,0,-,0,0,0,0,0,0,0,-,-,0
2023-2024,2024-01-14,UNBSJ,Crandall,UNBSJ,16,"Unknown , UNB",1,3,1,2,7,2,0.714,0,0,0,0,0,-,1,1,7,0,0,3,3,0,1,3,1,-,-,0
2023-2024,2024-01-20,STU,Crandall,CU,16,Payton Sanipass,1,2,1,0,3,2.67,1,0,0,0,0,0,-,2,0,3,0.667,0,0,0,0,0,2,0,-,-,0
2023-2024,2024-01-20,STU,Crandall,CU,8,Shane Huggard,1,3,0,4,7,0.43,0.429,4,0,5,0,9,1.89,3,7,18,-0.222,0,0,0,1,1,9,1,-,-,0
2023-2024,2024-01-20,STU,Crandall,CU,7,Jack Hillier,1,3,0,0,1,3,1,2,3,5,2,12,1.42,1,0,5,0.2,0,0,0,0,2,0,0,-,-,0
2023-2024,2024-01-20,STU,Crandall,CU,9,Sam Reeder,1,1,0,0,0,-,-,0,0,0,0,0,-,0,0,1,0,0,0,0,1,5,0,1,-,-,0
2023-2024,2024-01-20,STU,Crandall,CU,14,Sam Tingley,1,3,2,2,7,2.14,0.714,0,0,0,0,0,-,0,2,4,-0.5,0,0,0,14,52,2,0,-,-,4
2023-2024,2024-01-20,STU,Crandall,CU,13,Colby Rhese,1,3,0,3,6,0.83,0.5,0,0,0,0,0,-,3,6,13,-0.231,0,1,1,0,0,2,3,-,-,0
2023-2024,2024-01-20,STU,Crandall,CU,17,Miguel Gionet,1,1,0,0,0,-,-,0,0,0,0,0,-,0,0,1,0,0,0,0,0,0,0,0,-,-,0
2023-2024,2024-01-20,STU,Crandall,CU,5,Austin Trites,1,3,0,0,0,-,-,13,1,6,4,24,1.96,0,0,1,0,0,0,0,1,9,6,1,-,-,1
2023-2024,2024-01-20,STU,Crandall,CU,12,Noah MacDonald,1,3,1,1,7,2.14,0.857,0,0,0,0,0,-,3,4,11,-0.091,0,0,0,0,0,1,0,-,-,0
2023-2024,2024-01-20,STU,Crandall,CU,10,Liam Rafferty,1,3,1,2,6,1.17,0.667,0,0,0,0,0,-,2,0,4,0.5,0,2,2,0,0,1,1,-,-,1
2023-2024,2024-01-20,STU,Crandall,CU,15,James Jeffrey,1,3,0,3,6,0.67,0.5,6,1,5,1,13,1.92,3,4,10,-0.1,0,1,1,0,0,0,1,-,-,0
2023-2024,2024-01-20,STU,Crandall,STU,11,"Unknown , STU",1,3,3,1,17,2.12,0.941,0,0,0,0,0,-,4,0,10,0.4,1,3,4,1,0,2,0,-,-,0
2023-2024,2024-01-20,STU,Crandall,STU,12,"Unknown , STU",1,3,1,3,4,1,0.25,3,2,3,1,9,1.78,3,1,10,0.2,0,2,2,2,2,7,1,-,-,0
2023-2024,2024-01-20,STU,Crandall,STU,9,"Unknown , STU",1,3,1,2,3,1.33,0.333,0,0,0,0,0,-,4,2,10,0.2,0,3,3,1,1,2,3,-,-,0
2023-2024,2024-01-20,STU,Crandall,STU,2,"Unknown , STU",1,3,0,1,11,1.82,0.909,0,0,0,0,0,-,3,1,7,0.286,0,4,4,0,2,1,0,-,-,0
2023-2024,2024-01-20,STU,Crandall,STU,7,"Unknown , STU",1,3,0,0,1,3,1,0,0,0,1,1,0,2,0,6,0.333,0,0,0,11,31,4,0,-,-,0
2023-2024,2024-01-20,STU,Crandall,STU,14,"Unknown , STU",1,3,3,4,25,1.64,0.84,3,0,3,2,8,1.5,2,0,4,0.5,1,2,3,0,0,1,1,-,-,0
2023-2024,2024-01-20,STU,Crandall,STU,5,"Unknown , STU",1,2,0,0,0,-,-,0,0,1,0,1,1,1,2,4,-0.25,0,2,2,0,1,0,0,-,-,0
2023-2024,2024-01-20,STU,Crandall,STU,15,"Unknown , STU",1,2,0,1,1,0,0,0,0,0,0,0,-,0,1,1,-1,0,1,1,0,0,1,1,-,-,0
2023-2024,2024-01-20,STU,Crandall,STU,3,"Unknown , STU",1,3,0,0,0,-,-,6,1,0,1,8,2.5,0,0,1,0,0,0,0,2,4,3,1,-,-,0
2023-2024,2024-01-20,STU,Crandall,STU,4,"Unknown , STU",1,3,1,1,8,2.38,0.875,1,0,0,0,1,3,0,0,0,-,0,0,0,0,0,1,0,-,-,0
2023-2024,2024-01-20,STU,Crandall,STU,6,"Unknown , STU",1,2,1,0,4,2.75,1,0,0,0,0,0,-,0,0,0,-,0,0,0,2,8,1,0,-,-,0
2023-2024,2024-01-27,Crandall,STU,CU,16,Payton Sanipass,1,3,1,0,5,2,1,0,0,0,0,0,-,2,4,9,-0.222,0,0,0,0,0,0,0,-,-,0
2023-2024,2024-01-27,Crandall,STU,CU,8,Shane Huggard,1,3,2,5,14,1.64,0.643,5,5,4,0,14,2.07,5,3,15,0.133,0,1,1,1,2,6,1,-,-,0
2023-2024,2024-01-27,Crandall,STU,CU,7,Jack Hillier,1,3,0,2,7,1.29,0.714,1,0,2,1,4,1.25,0,4,8,-0.5,0,1,1,1,2,5,4,-,-,0
2023-2024,2024-01-27,Crandall,STU,CU,4,Bryce Stockford,1,1,0,0,1,3,1,0,0,0,0,0,-,0,0,0,-,0,1,1,0,0,0,0,-,-,0
2023-2024,2024-01-27,Crandall,STU,CU,14,Sam Tingley,1,3,1,3,7,1.57,0.571,0,0,0,0,0,-,0,0,0,-,0,0,0,13,42,1,0,-,-,0
2023-2024,2024-01-27,Crandall,STU,CU,13,Colby Rhese,1,3,2,2,8,2.38,0.75,0,0,0,0,0,-,8,4,19,0.211,0,0,0,0,0,1,1,-,-,0
2023-2024,2024-01-27,Crandall,STU,CU,5,Austin Trites,1,3,0,0,0,-,-,18,9,5,6,38,2.03,0,0,1,0,0,0,0,1,4,4,3,-,-,1
2023-2024,2024-01-27,Crandall,STU,CU,11,Mason Stefaniuk,1,3,0,0,2,2,1,0,0,1,0,1,1,0,0,1,0,0,0,0,3,17,0,0,-,-,1
2023-2024,2024-01-27,Crandall,STU,CU,12,Noah MacDonald,1,3,2,4,11,1.36,0.636,0,0,0,0,0,-,3,1,11,0.182,1,1,2,0,0,0,0,-,-,0
2023-2024,2024-01-27,Crandall,STU,CU,10,Liam Rafferty,1,2,0,2,4,0.75,0.5,0,0,0,0,0,-,2,2,5,0,0,0,0,0,1,2,0,-,-,1
2023-2024,2024-01-27,Crandall,STU,CU,11,"Unknown , STU",1,3,3,2,11,2,0.818,0,0,0,0,0,-,4,0,6,0.667,0,2,2,0,2,2,0,-,-,0
2023-2024,2024-01-27,Crandall,STU,STU,14,"Unknown , STU",1,3,0,2,10,1.1,0.8,3,4,1,2,10,1.8,7,2,15,0.333,0,1,1,0,5,4,0,-,-,0
2023-2024,2024-01-27,Crandall,STU,STU,16,"Unknown , STU",1,3,0,1,1,0,0,0,0,0,0,0,-,2,1,6,0.167,0,0,0,0,0,0,1,-,-,0
2023-2024,2024-01-27,Crandall,STU,STU,1,"Unknown , STU",1,2,0,0,0,-,-,0,1,0,1,2,1,0,0,0,-,0,0,0,0,2,0,0,-,-,0
2023-2024,2024-01-27,Crandall,STU,STU,2,"Unknown , STU",1,2,0,1,7,1.14,0.857,0,1,0,0,1,2,2,0,3,0.667,0,0,0,0,0,1,0,-,-,0
2023-2024,2024-01-27,Crandall,STU,STU,3,"Unknown , STU",1,3,0,0,0,-,-,6,5,2,0,13,2.31,0,0,1,0,0,0,0,0,0,0,1,-,-,0
2023-2024,2024-01-27,Crandall,STU,STU,4,"Unknown , STU",1,3,2,2,15,2.2,0.867,0,2,3,2,7,1,3,2,10,0.1,1,0,1,2,2,8,1,-,-,1
2023-2024,2024-01-27,Crandall,STU,STU,5,"Unknown , STU",1,2,0,2,5,1,0.6,0,0,0,0,0,-,2,2,5,0,0,0,0,1,1,0,0,-,-,0
2023-2024,2024-01-27,Crandall,STU,STU,6,"Unknown , STU",1,3,4,2,15,2.27,0.867,0,0,1,0,1,1,0,0,3,0,0,0,0,15,33,3,0,-,-,0
2023-2024,2024-01-27,Crandall,STU,STU,7,"Unknown , STU",1,3,0,2,8,1.13,0.75,0,0,0,0,0,-,0,0,0,-,0,1,1,8,12,2,1,-,-,0
2023-2024,2024-01-27,Crandall,STU,STU,8,"Unknown , STU",1,1,0,0,0,-,-,1,1,2,2,6,1.17,0,0,0,-,0,0,0,0,0,2,0,-,-,0
2023-2024,2024-01-27,Crandall,STU,STU,9,"Unknown , STU",1,3,0,1,2,1,0.5,0,0,0,0,0,-,7,5,15,0.133,1,0,1,1,0,2,1,-,-,0
2023-2024,2024-01-28,Crandall,Holland,CU,16,Payton Sanipass,1,1,0,0,2,1.5,1,0,0,0,0,0,-,0,0,0,-,0,0,0,0,0,0,0,-,-,0
2023-2024,2024-01-28,Crandall,Holland,CU,8,Shane Huggard,1,3,1,2,10,1.4,0.8,3,3,3,0,9,2,6,5,24,0.042,0,0,0,1,4,5,2,-,-,1
2023-2024,2024-01-28,Crandall,Holland,CU,4,Bryce Stockford,1,3,0,3,10,1.8,0.7,0,1,0,0,1,2,4,1,15,0.2,1,1,2,0,1,3,2,-,-,0
2023-2024,2024-01-28,Crandall,Holland,CU,14,Sam Tingley,1,3,0,2,11,1.27,0.818,0,0,0,0,0,-,2,0,3,0.667,0,0,0,19,73,6,2,-,-,1
2023-2024,2024-01-28,Crandall,Holland,CU,13,Colby Rhese,1,3,0,3,6,1,0.5,1,0,0,0,1,3,5,6,27,-0.037,0,1,1,0,1,4,3,-,-,0
2023-2024,2024-01-28,Crandall,Holland,CU,5,Austin Trites,1,3,0,0,0,-,-,13,6,12,2,33,1.91,0,0,1,0,0,0,0,1,4,6,0,-,-,0
2023-2024,2024-01-28,Crandall,Holland,CU,11,Mason Stefaniuk,1,1,0,0,0,-,-,0,0,0,0,0,-,0,0,0,-,0,0,0,0,0,1,0,-,-,0
2023-2024,2024-01-28,Crandall,Holland,CU,12,Noah MacDonald,1,3,0,1,10,2,0.9,0,0,0,0,0,-,2,3,9,-0.111,1,0,1,0,0,2,1,-,-,0
2023-2024,2024-01-28,Crandall,Holland,CU,10,Liam Rafferty,1,3,1,3,7,1.57,0.571,3,6,4,2,15,1.67,3,1,9,0.222,1,0,1,1,1,2,1,-,-,0
2023-2024,2024-01-28,Crandall,Holland,Holland,14,"Unknown , HC",1,2,2,2,5,2,0.6,0,0,0,0,0,-,7,2,12,0.417,0,0,0,0,1,6,1,-,-,0
2023-2024,2024-01-28,Crandall,Holland,Holland,13,"Unknown , HC",1,3,1,2,8,1.75,0.75,0,0,0,0,0,-,3,0,8,0.375,0,0,0,23,62,11,2,-,-,0
2023-2024,2024-01-28,Crandall,Holland,Holland,11,"Unknown , HC",1,2,0,2,5,1,0.6,0,1,0,0,1,2,1,3,6,-0.333,0,0,0,1,3,3,0,-,-,0
2023-2024,2024-01-28,Crandall,Holland,Holland,10,"Unknown , HC",1,2,0,1,4,1.5,0.75,1,2,1,0,4,2,3,1,9,0.222,0,0,0,0,1,3,1,-,-,0
2023-2024,2024-01-28,Crandall,Holland,Holland,9,"Unknown , HC",1,3,2,2,10,2,0.8,0,0,0,0,0,-,0,3,4,-0.75,0,1,1,0,0,1,0,-,-,0
2023-2024,2024-01-28,Crandall,Holland,Holland,8,"Unknown , HC",1,1,0,1,3,1.33,0.667,0,0,0,0,0,-,0,1,5,-0.2,0,1,1,1,1,3,0,-,-,0
2023-2024,2024-01-28,Crandall,Holland,Holland,7,"Unknown , HC",1,1,0,2,6,1.17,0.667,0,0,0,0,0,-,2,0,4,0.5,0,0,0,0,1,4,1,-,-,0
2023-2024,2024-01-28,Crandall,Holland,Holland,6,"Unknown , HC",1,2,0,0,13,2.31,1,3,5,4,1,13,1.77,7,1,17,0.353,0,1,1,2,2,4,2,-,-,0
2023-2024,2024-01-28,Crandall,Holland,Holland,5,"Unknown , HC",1,3,0,0,15,1.87,1,3,6,3,0,12,2,11,1,15,0.667,0,0,0,1,2,1,4,-,-,0
2023-2024,2024-01-28,Crandall,Holland,Holland,4,"Unknown , HC",1,1,0,0,0,-,-,0,0,0,0,0,-,0,0,0,-,0,0,0,1,2,2,1,-,-,0
2023-2024,2024-01-28,Crandall,Holland,Holland,3,"Unknown , HC",1,3,0,0,0,-,-,5,5,1,0,11,2.36,0,0,0,-,0,0,0,4,7,3,0,-,-,0
2023-2024,2024-01-28,Crandall,Holland,Holland,2,"Unknown , HC",1,1,0,1,3,1,0.667,0,0,0,0,0,-,0,2,5,-0.4,0,1,1,0,0,0,0,-,-,0
2023-2024,2024-01-28,Crandall,Holland,Holland,16,"Unknown , HC",1,1,0,0,1,2,1,0,0,0,0,0,-,0,0,0,-,0,0,0,0,1,1,0,-,-,0
2023-2024,2024-01-28,Crandall,Holland,Holland,15,"Unknown , HC",1,1,0,0,0,-,-,0,0,0,0,0,-,0,1,1,-1,0,0,0,0,0,0,0,-,-,0
2023-2024,2024-02-02,USTA,Crandall,CU,16,Payton Sanipass,1,2,1,1,3,2.33,0.667,0,0,0,0,0,-,0,0,0,-,0,0,0,0,0,0,0,-,-,0
2023-2024,2024-02-02,USTA,Crandall,CU,7,Jack Hillier,1,3,1,1,8,2.13,0.875,4,5,2,1,12,2,2,1,6,0.167,0,1,1,0,2,3,3,-,-,0
2023-2024,2024-02-02,USTA,Crandall,CU,4,Bryce Stockford,1,3,0,1,10,1.3,0.9,0,0,0,0,0,-,3,0,6,0.5,0,3,3,0,1,1,0,-,-,0
2023-2024,2024-02-02,USTA,Crandall,CU,14,Sam Tingley,1,3,1,0,9,2,1,0,0,1,0,1,1,0,0,1,0,0,1,1,16,43,6,1,-,-,3
2023-2024,2024-02-02,USTA,Crandall,CU,13,Colby Rhese,1,3,2,1,6,2,0.833,0,0,0,0,0,-,8,3,18,0.278,0,1,1,0,0,3,2,-,-,0
2023-2024,2024-02-02,USTA,Crandall,CU,5,Austin Trites,1,3,0,0,0,-,-,5,6,3,2,16,1.88,0,0,0,-,0,0,0,1,5,5,2,-,-,1
2023-2024,2024-02-02,USTA,Crandall,CU,11,Mason Stefaniuk,1,3,0,0,3,1.67,1,0,0,0,0,0,-,0,0,0,-,0,0,0,2,2,1,1,-,-,2
2023-2024,2024-02-02,USTA,Crandall,CU,12,Noah MacDonald,1,3,0,3,4,0.5,0.25,0,0,0,0,0,-,0,1,9,-0.111,0,1,1,0,0,0,0,-,-,0
2023-2024,2024-02-02,USTA,Crandall,CU,10,Liam Rafferty,1,3,2,5,10,1.5,0.5,6,8,2,2,18,2,6,4,17,0.118,0,1,1,0,0,2,3,-,-,1
2023-2024,2024-02-02,USTA,Crandall,CU,10,Liam Rafferty,1,3,2,5,10,1.5,0.5,6,8,2,2,18,2,6,4,17,0.118,0,1,1,0,0,2,3,-,-,1
2023-2024,2024-02-02,USTA,Crandall,USTA,5,"Unknown , SA",1,3,1,1,11,1.55,0.909,0,0,0,1,1,0,7,1,12,0.5,0,0,0,0,1,3,3,-,-,0
2023-2024,2024-02-02,USTA,Crandall,USTA,4,"Unknown , SA",1,1,1,1,4,2,0.75,0,0,0,0,0,-,1,0,1,1,0,0,0,13,20,0,0,-,-,2
2023-2024,2024-02-02,USTA,Crandall,USTA,1,"Unknown , SA",1,1,1,0,3,2.33,1,0,0,0,0,0,-,0,0,0,-,0,1,1,0,0,0,0,-,-,0
2023-2024,2024-02-02,USTA,Crandall,USTA,15,"Unknown , SA",1,1,0,0,0,-,-,0,0,0,0,0,-,0,0,1,0,0,0,0,0,0,0,0,-,-,0
2023-2024,2024-02-02,USTA,Crandall,USTA,13,"Unknown , SA",1,2,0,3,5,0.6,0.4,0,0,0,0,0,-,2,0,4,0.5,0,1,1,0,1,0,0,-,-,0
2023-2024,2024-02-02,USTA,Crandall,USTA,11,"Unknown , SA",1,3,2,3,11,2.09,0.727,5,5,1,1,12,2.17,7,0,11,0.636,1,1,2,2,5,8,2,-,-,0
2023-2024,2024-02-02,USTA,Crandall,USTA,10,"Unknown , SA",1,3,0,4,13,1.23,0.692,2,0,1,0,3,2.33,8,1,15,0.467,0,0,0,0,2,3,1,-,-,0
2023-2024,2024-02-02,USTA,Crandall,USTA,9,"Unknown , SA",1,3,1,5,11,1.45,0.545,3,7,1,0,11,2.18,9,2,17,0.412,0,1,1,0,2,2,2,-,-,0
2023-2024,2024-02-02,USTA,Crandall,USTA,8,"Unknown , SA",1,1,0,0,0,-,-,0,0,0,0,0,-,0,0,2,0,0,0,0,0,0,0,0,-,-,0
2023-2024,2024-02-02,USTA,Crandall,USTA,7,"Unknown , SA",1,3,0,0,0,-,-,3,3,3,1,10,1.8,0,0,0,-,0,0,0,0,0,6,2,-,-,0
2023-2024,2024-02-02,USTA,Crandall,USTA,6,"Unknown , SA",1,2,0,1,8,1.38,0.875,0,0,0,0,0,-,0,0,1,0,0,0,0,19,33,5,0,-,-,0
2023-2024,2024-02-03,USTA,Crandall,CU,16,Payton Sanipass,1,2,0,1,4,1.5,0.75,0,0,0,0,0,-,0,1,2,-0.5,0,0,0,0,2,0,0,-,-,0
2023-2024,2024-02-03,USTA,Crandall,CU,7,Jack Hillier,1,3,1,2,9,1.44,0.778,2,8,4,6,20,1.3,7,4,15,0.2,0,2,2,1,1,1,1,-,-,0
2023-2024,2024-02-03,USTA,Crandall,CU,4,Bryce Stockford,1,3,0,1,10,1.2,0.9,0,0,0,1,1,0,3,1,8,0.25,0,2,2,0,1,0,0,-,-,0
2023-2024,2024-02-03,USTA,Crandall,CU,9,Sam Reeder,1,1,0,0,0,-,-,0,0,0,0,0,-,0,0,0,-,0,0,0,0,3,0,1,-,-,0
2023-2024,2024-02-03,USTA,Crandall,CU,14,Sam Tingley,1,3,0,0,7,1.57,1,0,0,0,0,0,-,2,0,2,1,0,0,0,19,55,4,0,-,-,1
2023-2024,2024-02-03,USTA,Crandall,CU,13,Colby Rhese,1,3,0,4,5,0.6,0.2,0,0,0,0,0,-,4,5,13,-0.077,0,1,1,0,0,0,1,-,-,0
2023-2024,2024-02-03,USTA,Crandall,CU,5,Austin Trites,1,3,0,0,0,-,-,11,8,1,0,20,2.5,1,0,2,0.5,0,0,0,2,3,7,2,-,-,0
2023-2024,2024-02-03,USTA,Crandall,CU,11,Mason Stefaniuk,1,1,0,1,1,0,0,1,0,0,0,1,3,0,0,0,-,0,0,0,0,0,0,1,-,-,0
2023-2024,2024-02-03,USTA,Crandall,CU,12,Noah MacDonald,1,3,0,2,8,1.5,0.75,0,0,0,0,0,-,3,5,13,-0.154,0,2,2,0,0,0,0,-,-,0
2023-2024,2024-02-03,USTA,Crandall,CU,10,Liam Rafferty,1,3,0,1,8,1,0.875,6,7,3,1,17,2.06,3,3,12,0,0,1,1,0,1,2,0,-,-,0
2023-2024,2024-02-03,USTA,Crandall,USTA,5,"Unknown , SA",1,3,0,0,7,1.71,1,0,0,0,0,0,-,7,1,10,0.6,0,5,5,1,2,1,1,-,-,0
2023-2024,2024-02-03,USTA,Crandall,USTA,4,"Unknown , SA",1,1,1,1,6,1.83,0.833,0,0,0,0,0,-,1,0,2,0.5,0,0,0,10,14,1,0,-,-,0
2023-2024,2024-02-03,USTA,Crandall,USTA,15,"Unknown , SA",1,1,0,0,2,2.5,1,0,0,0,0,0,-,2,0,2,1,0,1,1,0,0,0,0,-,-,0
2023-2024,2024-02-03,USTA,Crandall,USTA,14,"Unknown , SA",1,1,2,1,7,2.14,0.857,0,0,0,0,0,-,1,1,2,0,0,1,1,0,0,0,0,-,-,0
2023-2024,2024-02-03,USTA,Crandall,USTA,13,"Unknown , SA",1,2,0,2,5,1.2,0.6,0,0,0,0,0,-,1,0,1,1,0,1,1,0,1,0,0,-,-,0
2023-2024,2024-02-03,USTA,Crandall,USTA,11,"Unknown , SA",1,3,2,4,15,1.47,0.733,11,3,3,1,18,2.33,6,5,15,0.067,0,4,4,1,1,5,1,-,-,0
2023-2024,2024-02-03,USTA,Crandall,USTA,10,"Unknown , SA",1,3,2,1,11,2,0.909,2,1,1,0,4,2.25,9,1,13,0.615,0,3,3,0,1,2,1,-,-,0
2023-2024,2024-02-03,USTA,Crandall,USTA,9,"Unknown , SA",1,3,2,4,10,1.6,0.6,3,3,0,0,6,2.5,5,3,17,0.118,0,0,0,0,5,4,1,-,-,0
2023-2024,2024-02-03,USTA,Crandall,USTA,8,"Unknown , SA",1,2,0,0,0,-,-,4,1,0,0,5,2.8,0,0,0,-,0,0,0,0,0,4,0,-,-,0
2023-2024,2024-02-03,USTA,Crandall,USTA,7,"Unknown , SA",1,3,0,0,0,-,-,4,0,3,0,7,2.14,0,0,0,-,0,0,0,0,1,1,1,-,-,0
2023-2024,2024-02-03,USTA,Crandall,USTA,6,"Unknown , SA",1,2,1,0,10,1.8,1,0,0,0,0,0,-,1,1,3,0,0,1,1,21,39,2,0,-,-,1
2023-2024,2024-02-10,Crandall,Holland,CU,16,Payton Sanipass,1,3,0,1,3,1.67,0.667,0,0,0,0,0,-,1,1,7,0,0,0,0,0,0,1,0,-,-,0
2023-2024,2024-02-10,Crandall,Holland,CU,8,Shane Huggard,1,3,1,0,15,2.07,1,1,8,0,1,10,1.9,3,3,17,0,1,2,3,2,7,8,3,-,-,0
2023-2024,2024-02-10,Crandall,Holland,CU,7,Jack Hillier,1,2,0,0,1,2,1,0,2,1,0,3,1.67,2,1,6,0.167,0,0,0,0,0,0,1,-,-,0
2023-2024,2024-02-10,Crandall,Holland,CU,4,Bryce Stockford,1,3,0,3,7,1,0.571,0,0,0,0,0,-,1,2,10,-0.1,1,4,5,0,0,3,0,-,-,1
2023-2024,2024-02-10,Crandall,Holland,CU,14,Sam Tingley,1,3,0,0,6,1.83,1,0,0,0,0,0,-,0,1,2,-0.5,0,0,0,13,60,4,1,-,-,1
2023-2024,2024-02-10,Crandall,Holland,CU,13,Colby Rhese,1,3,0,1,3,1.67,0.667,0,0,0,0,0,-,5,7,17,-0.118,0,2,2,0,1,2,0,-,-,0
2023-2024,2024-02-10,Crandall,Holland,CU,17,Miguel Gionet,1,1,0,1,1,0,0,0,0,0,0,0,-,0,1,1,-1,0,0,0,0,0,0,0,-,-,0
2023-2024,2024-02-10,Crandall,Holland,CU,5,Austin Trites,1,3,0,0,0,-,-,6,16,4,3,29,1.86,0,0,1,0,0,0,0,0,4,6,2,-,-,0
2023-2024,2024-02-10,Crandall,Holland,CU,11,Mason Stefaniuk,1,2,0,1,2,1.5,0.5,0,0,0,0,0,-,0,1,1,-1,0,0,0,3,10,0,0,-,-,0
2023-2024,2024-02-10,Crandall,Holland,CU,12,Noah MacDonald,1,3,0,1,3,0.67,0.667,1,0,0,1,2,1.5,1,3,8,-0.25,0,1,1,0,0,1,0,-,-,0
2023-2024,2024-02-10,Crandall,Holland,CU,10,Liam Rafferty,1,3,0,0,6,1.67,1,2,9,3,0,14,1.93,4,4,14,0,0,1,1,0,2,3,2,-,-,0
2023-2024,2024-02-10,Crandall,Holland,CU,15,James Jeffrey,1,1,0,0,1,2,1,0,0,1,0,1,1,1,0,1,1,0,0,0,0,0,0,0,-,-,0
2023-2024,2024-02-10,USTA,Crandall,USTA,14,"Unknown , HC",1,3,2,3,10,1.7,0.7,0,0,0,0,0,-,9,3,22,0.273,0,1,1,0,1,7,0,-,-,2
2023-2024,2024-02-10,USTA,Crandall,USTA,13,"Unknown , HC",1,1,0,1,1,0,0,0,0,0,0,0,-,0,0,0,-,0,0,0,1,5,1,0,-,-,0
2023-2024,2024-02-10,USTA,Crandall,USTA,11,"Unknown , HC",1,3,2,1,11,2.09,0.909,0,0,0,0,0,-,8,0,11,0.727,0,0,0,0,1,1,0,-,-,0
2023-2024,2024-02-10,USTA,Crandall,USTA,10,"Unknown , HC",1,1,1,0,5,2.8,1,1,1,3,0,5,1.6,2,0,6,0.333,0,0,0,0,1,3,2,-,-,0
2023-2024,2024-02-10,USTA,Crandall,USTA,9,"Unknown , HC",1,2,0,1,5,1.6,0.8,0,0,0,0,0,-,1,1,5,0,0,3,3,0,0,0,0,-,-,0
2023-2024,2024-02-10,USTA,Crandall,USTA,8,"Unknown , HC",1,2,1,2,9,2,0.778,1,7,1,0,9,2,3,3,10,0,1,0,1,0,0,0,1,-,-,0
2023-2024,2024-02-10,USTA,Crandall,USTA,7,"Unknown , HC",1,1,1,1,3,2.33,0.667,0,0,0,0,0,-,0,2,3,-0.667,0,0,0,0,2,2,0,-,-,0
2023-2024,2024-02-10,USTA,Crandall,USTA,6,"Unknown , HC",1,3,0,0,8,1.88,1,5,8,1,0,14,2.29,6,1,12,0.417,1,1,2,0,2,3,2,-,-,0
2023-2024,2024-02-10,USTA,Crandall,USTA,5,"Unknown , HC",1,2,0,0,7,1.86,1,3,3,1,1,8,2,2,2,8,0,0,1,1,2,3,9,0,-,-,0
2023-2024,2024-02-10,USTA,Crandall,USTA,3,"Unknown , HC",1,3,0,0,0,-,-,0,4,0,0,4,2,0,0,1,0,0,0,0,3,7,3,4,-,-,0
2023-2024,2024-02-10,USTA,Crandall,USTA,1,"Unknown , HC",1,3,1,2,12,1.67,0.833,0,0,0,0,0,-,1,0,2,0.5,0,0,0,25,53,7,1,-,-,0
2023-2024,2024-02-10,USTA,Crandall,USTA,16,"Unknown , HC",1,1,0,1,3,1.33,0.667,0,0,0,0,0,-,0,0,0,-,0,0,0,0,0,0,0,-,-,0
2023-2024,2024-02-11,UNBSJ,Crandall,CU,16,Payton Sanipass,1,4,0,1,5,1.2,0.8,0,0,0,0,0,-,4,11,23,-0.304,0,1,1,1,1,1,1,-,-,0
2023-2024,2024-02-11,UNBSJ,Crandall,CU,8,Shane Huggard,1,4,1,3,14,1.5,0.786,11,6,3,0,20,2.4,8,5,29,0.103,1,0,1,0,6,8,5,-,-,1
2023-2024,2024-02-11,UNBSJ,Crandall,CU,7,Jack Hillier,1,3,0,1,6,2.17,0.833,0,4,4,0,8,1.5,8,3,15,0.333,0,0,0,0,2,4,2,-,-,0
2023-2024,2024-02-11,UNBSJ,Crandall,CU,4,Bryce Stockford,1,4,2,2,15,1.8,0.867,0,0,0,0,0,-,2,1,8,0.125,1,1,2,0,1,1,1,-,-,0
2023-2024,2024-02-11,UNBSJ,Crandall,CU,14,Sam Tingley,1,4,1,2,14,1.86,0.857,0,0,0,0,0,-,0,1,2,-0.5,0,0,0,22,85,11,1,-,-,0
2023-2024,2024-02-11,UNBSJ,Crandall,CU,13,Colby Rhese,1,3,0,1,3,0.67,0.667,0,0,0,0,0,-,1,8,17,-0.412,0,1,1,1,1,2,2,-,-,0
2023-2024,2024-02-11,UNBSJ,Crandall,CU,5,Austin Trites,1,4,0,0,0,-,-,20,8,9,6,43,1.98,0,0,1,0,0,0,0,1,9,9,5,-,-,0
2023-2024,2024-02-11,UNBSJ,Crandall,CU,11,Mason Stefaniuk,1,1,0,1,1,0,0,0,0,0,0,0,-,0,0,1,0,0,0,0,3,8,0,0,-,-,1
2023-2024,2024-02-11,UNBSJ,Crandall,CU,12,Noah MacDonald,1,3,4,3,16,2.31,0.813,0,0,0,0,0,-,3,2,11,0.091,1,0,1,1,1,4,0,-,-,0
2023-2024,2024-02-11,UNBSJ,Crandall,CU,10,Liam Rafferty,1,1,1,0,4,2.5,1,0,0,0,0,0,-,2,1,4,0.25,0,1,1,0,0,0,0,-,-,0
2023-2024,2024-02-11,UNBSJ,Crandall,CU,15,James Jeffrey,1,2,0,2,3,0.67,0.333,4,2,1,0,7,2.43,2,0,6,0.333,0,0,0,0,0,3,0,-,-,0
2023-2024,2024-02-11,UNBSJ,Crandall,UNBSJ,1,"Unknown , UNB",1,4,1,3,20,1.6,0.85,0,0,0,0,0,-,3,2,7,0.143,1,0,1,33,78,10,1,-,-,1
2023-2024,2024-02-11,UNBSJ,Crandall,UNBSJ,2,"Unknown , UNB",1,2,0,0,5,1.8,1,0,0,0,0,0,-,0,0,0,-,0,0,0,0,1,1,0,-,-,0
2023-2024,2024-02-11,UNBSJ,Crandall,UNBSJ,3,"Unknown , UNB",1,2,0,2,9,1.11,0.778,0,0,0,0,0,-,2,2,7,0,1,2,3,1,1,2,1,-,-,0
2023-2024,2024-02-11,UNBSJ,Crandall,UNBSJ,6,"Unknown , UNB",1,3,0,1,5,1.2,0.8,3,1,7,2,13,1.38,7,7,18,0,1,3,4,0,1,4,1,-,-,1
2023-2024,2024-02-11,UNBSJ,Crandall,UNBSJ,7,"Unknown , UNB",1,4,4,3,17,2.24,0.824,4,7,5,1,17,1.82,15,6,32,0.281,0,2,2,2,3,5,2,-,-,0
2023-2024,2024-02-11,UNBSJ,Crandall,UNBSJ,9,"Unknown , UNB",1,2,1,2,9,1.22,0.778,0,0,0,0,0,-,2,1,8,0.125,0,1,1,1,1,2,0,-,-,0
2023-2024,2024-02-11,UNBSJ,Crandall,UNBSJ,11,"Unknown , UNB",1,4,0,4,6,1,0.333,0,0,0,0,0,-,3,1,6,0.333,0,4,4,0,2,0,0,-,-,0
2023-2024,2024-02-11,UNBSJ,Crandall,UNBSJ,12,"Unknown , UNB",1,4,2,4,21,1.71,0.81,6,4,2,1,13,2.15,8,0,26,0.308,0,1,1,1,2,6,1,-,-,0
2023-2024,2024-02-11,UNBSJ,Crandall,UNBSJ,13,"Unknown , UNB",1,4,0,0,0,-,-,10,2,5,2,19,2.05,0,0,1,0,0,0,0,1,10,9,1,-,-,0
2023-2024,2024-02-11,UNBSJ,Crandall,UNBSJ,16,"Unknown , UNB",1,2,0,0,7,1.43,1,0,0,0,0,0,-,1,0,2,0.5,0,1,1,1,4,1,1,-,-,0
2023-2024,2024-02-17,Crandall,USTA,CU,16,Payton Sanipass,1,2,0,0,0,-,-,0,0,0,0,0,-,1,1,6,0,0,2,2,0,0,0,0,-,-,0
2023-2024,2024-02-17,Crandall,USTA,CU,8,Shane Huggard,1,3,3,2,15,2.07,0.867,5,5,4,0,14,2.07,8,5,29,0.103,0,2,2,0,2,6,3,-,-,0
2023-2024,2024-02-17,Crandall,USTA,CU,7,Jack Hillier,1,2,0,2,5,1,0.6,1,1,1,1,4,1.5,3,0,7,0.429,0,0,0,0,0,3,1,-,-,0
2023-2024,2024-02-17,Crandall,USTA,CU,4,Bryce Stockford,1,3,1,3,9,1.33,0.667,0,0,0,0,0,-,2,0,7,0.286,0,3,3,1,1,0,0,-,-,0
2023-2024,2024-02-17,Crandall,USTA,CU,14,Sam Tingley,1,3,0,3,12,1.67,0.75,0,0,0,0,0,-,0,0,1,0,0,0,0,19,57,8,1,-,-,1
2023-2024,2024-02-17,Crandall,USTA,CU,13,Colby Rhese,1,3,1,1,9,1.89,0.889,0,0,0,0,0,-,9,3,24,0.25,0,0,0,0,0,2,1,-,-,0
2023-2024,2024-02-17,Crandall,USTA,CU,5,Austin Trites,1,3,0,0,0,-,-,12,17,3,2,34,2.15,0,0,1,0,0,0,0,2,10,9,2,-,-,0
2023-2024,2024-02-17,Crandall,USTA,CU,11,Mason Stefaniuk,1,2,0,1,2,0.5,0.5,0,0,0,0,0,-,0,0,0,-,0,0,0,1,13,0,0,-,-,0
2023-2024,2024-02-17,Crandall,USTA,CU,12,Noah MacDonald,1,3,2,4,12,1.33,0.667,0,0,0,1,1,0,0,1,6,-0.167,1,0,1,0,1,3,2,-,-,0
2023-2024,2024-02-17,Crandall,USTA,CU,10,Liam Rafferty,1,2,0,1,4,1.75,0.75,2,0,3,0,5,1.8,2,4,7,-0.286,0,0,0,0,0,2,0,-,-,1
2023-2024,2024-02-17,Crandall,USTA,USTA,5,"Unknown , UST",1,3,0,2,9,1.22,0.778,0,0,0,0,0,-,8,3,19,0.263,1,1,2,0,3,3,2,-,-,0
2023-2024,2024-02-17,Crandall,USTA,USTA,6,"Unknown , UST",1,3,0,2,14,1.29,0.857,0,0,0,0,0,-,0,1,2,-0.5,0,0,0,33,71,3,0,-,-,1
2023-2024,2024-02-17,Crandall,USTA,USTA,7,"Unknown , UST",1,3,0,0,0,-,-,6,6,3,2,17,1.94,0,0,0,-,0,0,0,0,1,5,1,-,-,0
2023-2024,2024-02-17,Crandall,USTA,USTA,8,"Unknown , UST",1,1,0,0,0,-,-,0,0,0,0,0,-,0,0,0,-,0,0,0,0,1,0,0,-,-,0
2023-2024,2024-02-17,Crandall,USTA,USTA,9,"Unknown , UST",1,2,0,4,5,0.4,0.2,5,4,2,2,13,1.92,4,3,18,0.056,0,0,0,0,1,5,3,-,-,0
2023-2024,2024-02-17,Crandall,USTA,USTA,10,"Unknown , UST",1,1,0,0,3,2.67,1,0,1,1,0,2,1.5,2,2,5,0,0,0,0,0,0,0,0,-,-,0
2023-2024,2024-02-17,Crandall,USTA,USTA,11,"Unknown , UST",1,3,2,2,20,2,0.9,2,3,1,0,6,2.17,14,5,29,0.31,0,0,0,1,3,12,1,-,-,0
2023-2024,2024-02-17,Crandall,USTA,USTA,12,"Unknown , UST",1,3,5,2,12,2.42,0.833,4,3,3,0,10,2.1,9,1,16,0.5,0,0,0,1,5,15,1,-,-,0
2023-2024,2024-02-17,Crandall,USTA,USTA,13,"Unknown , UST",1,2,0,3,9,1.22,0.667,0,0,0,0,0,-,1,2,4,-0.25,0,0,0,1,2,1,1,-,-,0
2023-2024,2024-02-17,Crandall,USTA,USTA,1,"Unknown , UST",1,1,1,1,6,2,0.833,0,0,0,0,0,-,0,0,0,-,0,0,0,0,0,0,0,-,-,0
2023-2024,2024-02-17,Crandall,USTA,USTA,4,"Unknown , UST",1,1,0,0,0,-,-,0,0,0,0,0,-,0,0,0,-,0,1,1,1,2,0,0,-,-,0
2023-2024,2024-09-28,Crandall,DAL AC,USTA,16,Payton Sanipass,1,4,1,2,12,1.67,0.833,0,0,0,0,0,-,4,4,15,0,0,0,0,0,0,4,4,-,-,0
